gene_id,gene_start,gene_end,cds_start,cds_end,relative_start,relative_end,alteration,original_codone,original_aminoacid,altered_codone,encoded_aminoacid
ORF1ab,267,21555,267,13483,1131,1131,A,GUA,V,AUA,I
ORF1ab,267,21555,267,21555,1131,1131,A,GUA,V,AUA,I
ORF1ab,267,21555,267,13483,10817,10817,U,UUG,L,UUU,F
ORF1ab,267,21555,267,21555,10817,10817,U,UUG,L,UUU,F
ORF1ab,267,21555,267,21555,18111,18111,U,ACA,T,UCA,S
N,28275,29533,28275,29533,1100,1100,A,GAG,E,GAA,E
ORF1ab,267,21555,267,13483,793,793,U,ACC,T,AUC,I
ORF1ab,267,21555,267,21555,793,793,U,ACC,T,AUC,I
ORF1ab,267,21555,267,13483,2771,2771,U,UUC,F,UUU,F
ORF1ab,267,21555,267,21555,2771,2771,U,UUC,F,UUU,F
ORF1ab,267,21555,267,21555,14142,14142,U,CCU,P,UCU,S
ORF1ab,267,21555,267,13483,3637,3637,U,CCA,P,CUA,L
ORF1ab,267,21555,267,21555,3637,3637,U,CCA,P,CUA,L
ORF1ab,267,21555,267,13483,9248,9248,G,UUA,L,UUG,L
ORF1ab,267,21555,267,21555,9248,9248,G,UUA,L,UUG,L
ORF1ab,267,21555,267,13483,13110,13110,G,ACC,T,GCC,A
ORF1ab,267,21555,267,21555,13110,13110,G,ACC,T,GCC,A
ORF1ab,267,21555,267,13483,13210,13210,U,GCG,A,GUG,V
ORF1ab,267,21555,267,21555,13210,13210,U,UGC,C,UUC,F
ORF1ab,267,21555,267,21555,19218,19218,U,GCU,A,UCU,S
M,26524,27191,26524,27191,197,197,C,GUG,V,GUC,V
N,28275,29533,28275,29533,414,414,C,UUG,L,CUG,L
N,28275,29533,28275,29533,561,561,C,UCA,S,CCA,P
ORF1ab,267,21555,267,13483,8441,8441,C,GGU,G,GGC,G
ORF1ab,267,21555,267,21555,8441,8441,C,GGU,G,GGC,G
ORF1ab,267,21555,267,21555,20621,20621,A,AAA,K,AAA,K
S,21564,25384,21564,25384,64,64,U,ACU,T,AUU,I
S,21564,25384,21564,25384,1172,1172,U,UGC,C,UGU,C
N,28275,29533,28275,29533,556,556,U,UCC,S,UUC,F
ORF1ab,267,21555,267,13483,47,47,U,CUC,L,CUU,L
ORF1ab,267,21555,267,21555,47,47,U,CUC,L,CUU,L
S,21564,25384,21564,25384,1840,1840,G,GAU,D,GGU,G
N,28275,29533,28275,29533,607,609,AAC,AGGGGA,RG,AAACGA,KR
ORF1ab,267,21555,267,13483,8516,8516,U,AGC,S,AGU,S
ORF1ab,267,21555,267,21555,8516,8516,U,AGC,S,AGU,S
S,21564,25384,21564,25384,905,905,U,ACG,T,ACU,T
S,21564,25384,21564,25384,3751,3751,U,GGA,G,GUA,V
ORF8,27895,28259,27895,28259,250,250,C,UUA,L,UCA,S
N,28275,29533,28275,29533,604,604,A,AGU,S,AAU,N
ORF1ab,267,21555,267,13483,618,618,U,CGU,R,UGU,C
ORF1ab,267,21555,267,21555,618,618,U,CGU,R,UGU,C
ORF1ab,267,21555,267,13483,1082,1082,U,CCC,P,CCU,P
ORF1ab,267,21555,267,21555,1082,1082,U,CCC,P,CCU,P
ORF1ab,267,21555,267,13483,8893,8893,U,CCU,P,CUU,L
ORF1ab,267,21555,267,21555,8893,8893,U,CCU,P,CUU,L
S,21564,25384,21564,25384,2313,2313,A,GUU,V,AUU,I
ORF10,29559,29674,29559,29674,5,5,U,GGC,G,GGU,G
ORF1ab,267,21555,267,13483,9455,9469,---------------,CAUUUCUAUUGGUUCUUU,HFYWFF,CA---------------U,
ORF1ab,267,21555,267,21555,9455,9469,---------------,CAUUUCUAUUGGUUCUUU,HFYWFF,CA---------------U,
ORF1ab,267,21555,267,21555,19250,19270,---------------------,AGAUUGUAUCUCGAUGCUUAUAAC,RLYLDAYN,AG---------------------C,
